FlashLight_6848.jpg	FlashLight
FlashLight_6849.jpg	FlashLight
FlashLight_6850.jpg	FlashLight
FlashLight_6851.jpg	FlashLight
FlashLight_6852.jpg	FlashLight
FlashLight_6853.jpg	FlashLight
FlashLight_6855.jpg	FlashLight
FlashLight_6856.jpg	FlashLight
FlashLight_6857.jpg	FlashLight
FlashLight_6858.jpg	FlashLight
FlashLight_6859.jpg	FlashLight
FlashLight_6860.jpg	FlashLight
FlashLight_6861.jpg	FlashLight
FlashLight_6862.jpg	FlashLight
FlashLight_6863.jpg	FlashLight
FlashLight_6952.jpg	FlashLight
FlashLight_6953.jpg	FlashLight
FlashLight_6954.jpg	FlashLight
FlashLight_6955.jpg	FlashLight
FlashLight_6956.jpg	FlashLight
FlashLight_6957.jpg	FlashLight
FlashLight_6958.jpg	FlashLight
FlashLight_6959.jpg	FlashLight
FlashLight_6960.jpg	FlashLight
FlashLight_6961.jpg	FlashLight
FlashLight_6962.jpg	FlashLight
Infrared_6864.jpg	Infrared
Infrared_6865.jpg	Infrared
Infrared_6866.jpg	Infrared
Infrared_6867.jpg	Infrared
Infrared_6868.jpg	Infrared
Infrared_6869.jpg	Infrared
Infrared_6870.jpg	Infrared
Infrared_6871.jpg	Infrared
Infrared_6872.jpg	Infrared
Infrared_6873.jpg	Infrared
Infrared_6874.jpg	Infrared
Infrared_6875.jpg	Infrared
Infrared_6876.jpg	Infrared
Infrared_6878.jpg	Infrared
Infrared_6879.jpg	Infrared
Infrared_6880.jpg	Infrared
Infrared_6881.jpg	Infrared
Infrared_6882.jpg	Infrared
Infrared_6883.jpg	Infrared
Infrared_6884.jpg	Infrared
Infrared_6885.jpg	Infrared
Infrared_6886.jpg	Infrared
Infrared_6887.jpg	Infrared
Infrared_6888.jpg	Infrared
Infrared_6889.jpg	Infrared
Lighter_6814.jpg	Lighter
Lighter_6815.jpg	Lighter
Lighter_6816.jpg	Lighter
Lighter_6817.jpg	Lighter
Lighter_6819.jpg	Lighter
Lighter_6820.jpg	Lighter
Lighter_6821.jpg	Lighter
Lighter_6822.jpg	Lighter
Lighter_6823.jpg	Lighter
Lighter_6824.jpg	Lighter
Lighter_6825.jpg	Lighter
Lighter_6826.jpg	Lighter
Lighter_6827.jpg	Lighter
Lighter_6828.jpg	Lighter
Lighter_6829.jpg	Lighter
Lighter_6830.jpg	Lighter
Lighter_6831.jpg	Lighter
Lighter_6832.jpg	Lighter
Lighter_6833.jpg	Lighter
Lighter_6834.jpg	Lighter
Lighter_6835.jpg	Lighter
Lighter_6836.jpg	Lighter
Lighter_6837.jpg	Lighter
Lighter_6838.jpg	Lighter
Lighter_6839.jpg	Lighter
Lighter_6840.jpg	Lighter
Lighter_6841.jpg	Lighter
Lighter_6842.jpg	Lighter
Lighter_6844.jpg	Lighter
Lighter_6845.jpg	Lighter
Lighter_6846.jpg	Lighter
Lighter_6847.jpg	Lighter
Lighter_6929.jpg	Lighter
Lighter_6930.jpg	Lighter
Lighter_6931.jpg	Lighter
Lighter_6932.jpg	Lighter
Lighter_6933.jpg	Lighter
Lighter_6934.jpg	Lighter
Lighter_6935.jpg	Lighter
Lighter_6936.jpg	Lighter
Lighter_6937.jpg	Lighter
Lighter_6938.jpg	Lighter
Lighter_6939.jpg	Lighter
Lighter_6940.jpg	Lighter
Lighter_6941.jpg	Lighter
Lighter_6942.jpg	Lighter
Lighter_6943.jpg	Lighter
Lighter_6944.jpg	Lighter
Lighter_6945.jpg	Lighter
Lighter_6946.jpg	Lighter
Lighter_6947.jpg	Lighter
Lighter_6948.jpg	Lighter
Lighter_6949.jpg	Lighter
Lighter_6950.jpg	Lighter
Lighter_6951.jpg	Lighter
Day_1.jpg	DayLight
Day_2.jpg	DayLight
Day_3.jpg	DayLight
Day_4.jpg	DayLight
Day_5.jpg	DayLight
Day_6.jpg	DayLight
Day_7.jpg	DayLight
Day_8.jpg	DayLight
Day_9.jpg	DayLight
Day_10.jpg	DayLight
Day_11.jpg	DayLight
Day_12.jpg	DayLight
Day_13.jpg	DayLight
Day_14.jpg	DayLight
Day_15.jpg	DayLight
Day_16.jpg	DayLight
Day_17.jpg	DayLight
Day_18.jpg	DayLight
